id,title,score,comments,timestamp
48794179,Phosh 0.56.0,49,6,2026-07-05T19:47:32.778304
48793454,Introduction to Compilers and Language Design,62,5,2026-07-05T19:47:32.778304
48786284,Airplane Boneyards List and Map,11,0,2026-07-05T19:47:32.779403
48790689,"If you're a button, you have one job",358,178,2026-07-05T19:47:32.779403
48791328,Shadcn/UI now defaults to Base UI instead of Radix,203,86,2026-07-05T19:47:32.780402
48793542,Show HN: KiCad in the Browser,23,6,2026-07-05T19:47:32.780402
48746771,Medieval-style fortifications are back in the Sahel,13,6,2026-07-05T19:47:32.780402
48773079,Pandoc Lua Filters,98,8,2026-07-05T19:47:32.781403
48792195,Knowledge Should Not Be Gated,46,25,2026-07-05T19:47:32.781403
48792008,"Fast Software, the Best Software (2019)",72,35,2026-07-05T19:47:32.789936
48746933,Trust your compiler: Modern C++,31,9,2026-07-05T19:47:32.789936
48789712,Jellyfish can heal wounds in minutes. Scientists want their secrets,159,36,2026-07-05T19:47:32.789936
48792399,Claude Design System Prompt,77,20,2026-07-05T19:47:32.791291
48793492,Cannabis Users Face Substantially Higher Risk of Heart Attack (2025),44,27,2026-07-05T19:47:32.791291
48793073,Pi square is nearly 10,26,19,2026-07-05T19:47:32.791291
48791591,Megawatts by Microwave,44,4,2026-07-05T19:47:32.791291
48791266,Moby Dick Workout (2022),65,22,2026-07-05T19:47:32.792731
48788283,"Command and Conquer Generals natively ported to macOS, iPhone, iPad using Fable",609,257,2026-07-05T19:47:32.792731
48750405,Meta's Un-Stable Signature,114,15,2026-07-05T19:47:32.793734
48759579,Functional Programming in hica,32,8,2026-07-05T19:47:32.793734
48751144,Artful Cats: Feline-Inspired Art and Artifacts,62,5,2026-07-05T19:47:32.793734
48765920,Atomic Force Microscope [video],93,9,2026-07-05T19:47:32.794990
48742175,What ORMs have taught me: just learn SQL (2014),231,265,2026-07-05T19:47:32.794990
48790912,The Log is the Agent,67,19,2026-07-05T19:47:32.794990
48787042,“Beyond the limit”: Satellites and mirrors in space pose threat to the night sky,173,268,2026-07-05T19:47:32.794990
48794179,Phosh 0.56.0,50,6,2026-07-05T19:48:32.780269
48793454,Introduction to Compilers and Language Design,63,5,2026-07-05T19:48:32.781377
48786284,Airplane Boneyards List and Map,11,0,2026-07-05T19:48:32.781377
48790689,"If you're a button, you have one job",359,178,2026-07-05T19:48:32.782446
48791328,Shadcn/UI now defaults to Base UI instead of Radix,203,86,2026-07-05T19:48:32.782446
48793542,Show HN: KiCad in the Browser,23,6,2026-07-05T19:48:32.783596
48746771,Medieval-style fortifications are back in the Sahel,14,6,2026-07-05T19:48:32.783596
48792195,Knowledge Should Not Be Gated,46,26,2026-07-05T19:48:32.783596
48773079,Pandoc Lua Filters,99,8,2026-07-05T19:48:32.784853
48792008,"Fast Software, the Best Software (2019)",72,35,2026-07-05T19:48:32.784853
48746933,Trust your compiler: Modern C++,31,9,2026-07-05T19:48:32.784853
48789712,Jellyfish can heal wounds in minutes. Scientists want their secrets,159,36,2026-07-05T19:48:32.786057
48792399,Claude Design System Prompt,78,20,2026-07-05T19:48:32.787163
48793492,Cannabis Users Face Substantially Higher Risk of Heart Attack (2025),44,27,2026-07-05T19:48:32.787163
48793073,Pi square is nearly 10,26,19,2026-07-05T19:48:32.788171
48791591,Megawatts by Microwave,44,4,2026-07-05T19:48:32.788171
48791266,Moby Dick Workout (2022),65,22,2026-07-05T19:48:32.789186
48788283,"Command and Conquer Generals natively ported to macOS, iPhone, iPad using Fable",609,257,2026-07-05T19:48:32.789772
48750405,Meta's Un-Stable Signature,114,15,2026-07-05T19:48:32.790283
48759579,Functional Programming in hica,33,8,2026-07-05T19:48:32.790819
48751144,Artful Cats: Feline-Inspired Art and Artifacts,62,5,2026-07-05T19:48:32.791351
48765920,Atomic Force Microscope [video],94,9,2026-07-05T19:48:32.791880
48742175,What ORMs have taught me: just learn SQL (2014),231,265,2026-07-05T19:48:32.792417
48790912,The Log is the Agent,68,19,2026-07-05T19:48:32.792948
48787042,“Beyond the limit”: Satellites and mirrors in space pose threat to the night sky,174,268,2026-07-05T19:48:32.792948
48794179,Phosh 0.56.0,50,6,2026-07-05T19:49:30.471094
48793454,Introduction to Compilers and Language Design,63,5,2026-07-05T19:49:30.472092
48786284,Airplane Boneyards List and Map,11,0,2026-07-05T19:49:30.473092
48790689,"If you're a button, you have one job",359,179,2026-07-05T19:49:30.473092
48791328,Shadcn/UI now defaults to Base UI instead of Radix,203,86,2026-07-05T19:49:30.473092
48793542,Show HN: KiCad in the Browser,23,6,2026-07-05T19:49:30.474092
48746771,Medieval-style fortifications are back in the Sahel,14,6,2026-07-05T19:49:30.474092
48792195,Knowledge Should Not Be Gated,48,26,2026-07-05T19:49:30.475093
48773079,Pandoc Lua Filters,99,8,2026-07-05T19:49:30.475093
48792008,"Fast Software, the Best Software (2019)",72,35,2026-07-05T19:49:30.475093
48746933,Trust your compiler: Modern C++,31,9,2026-07-05T19:49:30.476094
48789712,Jellyfish can heal wounds in minutes. Scientists want their secrets,159,36,2026-07-05T19:49:30.476094
48792399,Claude Design System Prompt,78,20,2026-07-05T19:49:30.477097
48793492,Cannabis Users Face Substantially Higher Risk of Heart Attack (2025),45,27,2026-07-05T19:49:30.477097
48793073,Pi square is nearly 10,26,19,2026-07-05T19:49:30.477831
48791591,Megawatts by Microwave,44,4,2026-07-05T19:49:30.477831
48791266,Moby Dick Workout (2022),65,22,2026-07-05T19:49:30.477831
48788283,"Command and Conquer Generals natively ported to macOS, iPhone, iPad using Fable",609,257,2026-07-05T19:49:30.478863
48750405,Meta's Un-Stable Signature,114,15,2026-07-05T19:49:30.478863
48751144,Artful Cats: Feline-Inspired Art and Artifacts,62,5,2026-07-05T19:49:30.479874
48759579,Functional Programming in hica,33,8,2026-07-05T19:49:30.480685
48765920,Atomic Force Microscope [video],94,10,2026-07-05T19:49:30.481195
48742175,What ORMs have taught me: just learn SQL (2014),231,266,2026-07-05T19:49:30.481738
48790912,The Log is the Agent,68,19,2026-07-05T19:49:30.481738
48787042,“Beyond the limit”: Satellites and mirrors in space pose threat to the night sky,174,268,2026-07-05T19:49:30.482278
48794179,Phosh 0.56.0,50,6,2026-07-05T19:50:29.582242
48793454,Introduction to Compilers and Language Design,63,5,2026-07-05T19:50:29.583244
48786284,Airplane Boneyards List and Map,12,0,2026-07-05T19:50:29.584246
48790689,"If you're a button, you have one job",360,179,2026-07-05T19:50:29.584246
48791328,Shadcn/UI now defaults to Base UI instead of Radix,203,87,2026-07-05T19:50:29.585308
48793542,Show HN: KiCad in the Browser,23,6,2026-07-05T19:50:29.585308
48746771,Medieval-style fortifications are back in the Sahel,14,7,2026-07-05T19:50:29.586393
48792195,Knowledge Should Not Be Gated,48,26,2026-07-05T19:50:29.587415
48773079,Pandoc Lua Filters,99,8,2026-07-05T19:50:29.587924
48792008,"Fast Software, the Best Software (2019)",72,35,2026-07-05T19:50:29.589027
48746933,Trust your compiler: Modern C++,32,9,2026-07-05T19:50:29.589580
48793492,Cannabis Users Face Substantially Higher Risk of Heart Attack (2025),45,27,2026-07-05T19:50:29.590132
48789712,Jellyfish can heal wounds in minutes. Scientists want their secrets,160,36,2026-07-05T19:50:29.591279
48792399,Claude Design System Prompt,78,20,2026-07-05T19:50:29.591828
48793073,Pi square is nearly 10,26,19,2026-07-05T19:50:29.592375
48791591,Megawatts by Microwave,44,4,2026-07-05T19:50:29.593457
48791266,Moby Dick Workout (2022),65,22,2026-07-05T19:50:29.593457
48788283,"Command and Conquer Generals natively ported to macOS, iPhone, iPad using Fable",609,257,2026-07-05T19:50:29.594008
48750405,Meta's Un-Stable Signature,114,15,2026-07-05T19:50:29.594555
48751144,Artful Cats: Feline-Inspired Art and Artifacts,62,5,2026-07-05T19:50:29.595106
48759579,Functional Programming in hica,33,8,2026-07-05T19:50:29.595659
48765920,Atomic Force Microscope [video],94,10,2026-07-05T19:50:29.596213
48742175,What ORMs have taught me: just learn SQL (2014),231,266,2026-07-05T19:50:29.596762
48790912,The Log is the Agent,68,19,2026-07-05T19:50:29.597322
48787042,“Beyond the limit”: Satellites and mirrors in space pose threat to the night sky,174,268,2026-07-05T19:50:29.597876
48794179,Phosh 0.56.0,52,6,2026-07-05T19:51:29.113495
48793454,Introduction to Compilers and Language Design,64,5,2026-07-05T19:51:29.113495
48786284,Airplane Boneyards List and Map,12,0,2026-07-05T19:51:29.114631
48790689,"If you're a button, you have one job",360,179,2026-07-05T19:51:29.115629
48791328,Shadcn/UI now defaults to Base UI instead of Radix,204,87,2026-07-05T19:51:29.115629
48746771,Medieval-style fortifications are back in the Sahel,16,8,2026-07-05T19:51:29.116629
48793542,Show HN: KiCad in the Browser,23,6,2026-07-05T19:51:29.116629
48792195,Knowledge Should Not Be Gated,48,27,2026-07-05T19:51:29.116629
48773079,Pandoc Lua Filters,99,8,2026-07-05T19:51:29.117627
48792008,"Fast Software, the Best Software (2019)",72,35,2026-07-05T19:51:29.117627
48746933,Trust your compiler: Modern C++,32,9,2026-07-05T19:51:29.118628
48793492,Cannabis Users Face Substantially Higher Risk of Heart Attack (2025),46,27,2026-07-05T19:51:29.119048
48789712,Jellyfish can heal wounds in minutes. Scientists want their secrets,160,36,2026-07-05T19:51:29.119558
48792399,Claude Design System Prompt,78,20,2026-07-05T19:51:29.119558
48793073,Pi square is nearly 10,26,19,2026-07-05T19:51:29.120568
48791591,Megawatts by Microwave,44,4,2026-07-05T19:51:29.120568
48791266,Moby Dick Workout (2022),65,23,2026-07-05T19:51:29.121987
48788283,"Command and Conquer Generals natively ported to macOS, iPhone, iPad using Fable",609,257,2026-07-05T19:51:29.122494
48751144,Artful Cats: Feline-Inspired Art and Artifacts,63,5,2026-07-05T19:51:29.123021
48750405,Meta's Un-Stable Signature,114,15,2026-07-05T19:51:29.123571
48759579,Functional Programming in hica,33,8,2026-07-05T19:51:29.124123
48765920,Atomic Force Microscope [video],94,10,2026-07-05T19:51:29.124666
48742175,What ORMs have taught me: just learn SQL (2014),231,266,2026-07-05T19:51:29.125210
48790912,The Log is the Agent,68,19,2026-07-05T19:51:29.125746
48787042,“Beyond the limit”: Satellites and mirrors in space pose threat to the night sky,174,268,2026-07-05T19:51:29.126276
48794179,Phosh 0.56.0,52,6,2026-07-05T19:52:28.153658
48793454,Introduction to Compilers and Language Design,65,5,2026-07-05T19:52:28.154659
48786284,Airplane Boneyards List and Map,12,0,2026-07-05T19:52:28.155794
48790689,"If you're a button, you have one job",362,179,2026-07-05T19:52:28.155794
48791328,Shadcn/UI now defaults to Base UI instead of Radix,204,87,2026-07-05T19:52:28.156796
48746771,Medieval-style fortifications are back in the Sahel,16,8,2026-07-05T19:52:28.156796
48793542,Show HN: KiCad in the Browser,23,6,2026-07-05T19:52:28.157794
48793492,Cannabis Users Face Substantially Higher Risk of Heart Attack (2025),47,28,2026-07-05T19:52:28.157794
48792195,Knowledge Should Not Be Gated,48,27,2026-07-05T19:52:28.158793
48773079,Pandoc Lua Filters,99,8,2026-07-05T19:52:28.158793
48792008,"Fast Software, the Best Software (2019)",72,35,2026-07-05T19:52:28.158793
48746933,Trust your compiler: Modern C++,32,9,2026-07-05T19:52:28.160531
48789712,Jellyfish can heal wounds in minutes. Scientists want their secrets,160,36,2026-07-05T19:52:28.160531
48792399,Claude Design System Prompt,79,20,2026-07-05T19:52:28.160531
48793073,Pi square is nearly 10,26,19,2026-07-05T19:52:28.161995
48791591,Megawatts by Microwave,44,4,2026-07-05T19:52:28.161995
48791266,Moby Dick Workout (2022),65,23,2026-07-05T19:52:28.161995
48788283,"Command and Conquer Generals natively ported to macOS, iPhone, iPad using Fable",609,257,2026-07-05T19:52:28.163461
48751144,Artful Cats: Feline-Inspired Art and Artifacts,63,5,2026-07-05T19:52:28.164488
48750405,Meta's Un-Stable Signature,114,16,2026-07-05T19:52:28.165018
48759579,Functional Programming in hica,33,8,2026-07-05T19:52:28.165018
48765920,Atomic Force Microscope [video],94,10,2026-07-05T19:52:28.165552
48742175,What ORMs have taught me: just learn SQL (2014),231,266,2026-07-05T19:52:28.166092
48790912,The Log is the Agent,69,19,2026-07-05T19:52:28.166635
48787042,“Beyond the limit”: Satellites and mirrors in space pose threat to the night sky,174,268,2026-07-05T19:52:28.167169
48794179,Phosh 0.56.0,53,6,2026-07-05T19:53:26.769881
48793454,Introduction to Compilers and Language Design,66,5,2026-07-05T19:53:26.770885
48786284,Airplane Boneyards List and Map,12,0,2026-07-05T19:53:26.771882
48790689,"If you're a button, you have one job",362,179,2026-07-05T19:53:26.771882
48791328,Shadcn/UI now defaults to Base UI instead of Radix,204,87,2026-07-05T19:53:26.772886
48746771,Medieval-style fortifications are back in the Sahel,16,8,2026-07-05T19:53:26.772886
48793542,Show HN: KiCad in the Browser,23,6,2026-07-05T19:53:26.773881
48793492,Cannabis Users Face Substantially Higher Risk of Heart Attack (2025),48,28,2026-07-05T19:53:26.773881
48792195,Knowledge Should Not Be Gated,48,26,2026-07-05T19:53:26.774885
48773079,Pandoc Lua Filters,99,8,2026-07-05T19:53:26.774885
48792008,"Fast Software, the Best Software (2019)",72,35,2026-07-05T19:53:26.775883
48746933,Trust your compiler: Modern C++,32,9,2026-07-05T19:53:26.776278
48789712,Jellyfish can heal wounds in minutes. Scientists want their secrets,160,36,2026-07-05T19:53:26.776787
48792399,Claude Design System Prompt,79,20,2026-07-05T19:53:26.776787
48793073,Pi square is nearly 10,27,19,2026-07-05T19:53:26.777794
48791591,Megawatts by Microwave,44,4,2026-07-05T19:53:26.777794
48791266,Moby Dick Workout (2022),65,23,2026-07-05T19:53:26.778694
48788283,"Command and Conquer Generals natively ported to macOS, iPhone, iPad using Fable",609,257,2026-07-05T19:53:26.779198
48751144,Artful Cats: Feline-Inspired Art and Artifacts,63,5,2026-07-05T19:53:26.779732
48750405,Meta's Un-Stable Signature,114,16,2026-07-05T19:53:26.780259
48759579,Functional Programming in hica,33,8,2026-07-05T19:53:26.780788
48765920,Atomic Force Microscope [video],94,10,2026-07-05T19:53:26.781315
48742175,What ORMs have taught me: just learn SQL (2014),231,266,2026-07-05T19:53:26.781868
48790912,The Log is the Agent,69,20,2026-07-05T19:53:26.782405
48787042,“Beyond the limit”: Satellites and mirrors in space pose threat to the night sky,174,270,2026-07-05T19:53:26.782948
48794179,Phosh 0.56.0,54,6,2026-07-05T19:54:26.773065
48793454,Introduction to Compilers and Language Design,66,5,2026-07-05T19:54:26.773065
48786284,Airplane Boneyards List and Map,12,0,2026-07-05T19:54:26.774068
48790689,"If you're a button, you have one job",362,179,2026-07-05T19:54:26.774068
48791328,Shadcn/UI now defaults to Base UI instead of Radix,204,87,2026-07-05T19:54:26.775066
48746771,Medieval-style fortifications are back in the Sahel,16,8,2026-07-05T19:54:26.775066
48793542,Show HN: KiCad in the Browser,23,6,2026-07-05T19:54:26.776068
48793492,Cannabis Users Face Substantially Higher Risk of Heart Attack (2025),49,28,2026-07-05T19:54:26.777071
48792195,Knowledge Should Not Be Gated,49,26,2026-07-05T19:54:26.777071
48773079,Pandoc Lua Filters,99,8,2026-07-05T19:54:26.777071
48792008,"Fast Software, the Best Software (2019)",72,35,2026-07-05T19:54:26.778196
48746933,Trust your compiler: Modern C++,32,9,2026-07-05T19:54:26.778956
48789712,Jellyfish can heal wounds in minutes. Scientists want their secrets,160,36,2026-07-05T19:54:26.778956
48792399,Claude Design System Prompt,79,20,2026-07-05T19:54:26.778956
48793073,Pi square is nearly 10,27,19,2026-07-05T19:54:26.780326
48791591,Megawatts by Microwave,44,4,2026-07-05T19:54:26.780326
48791266,Moby Dick Workout (2022),65,24,2026-07-05T19:54:26.781326
48788283,"Command and Conquer Generals natively ported to macOS, iPhone, iPad using Fable",609,257,2026-07-05T19:54:26.781326
48751144,Artful Cats: Feline-Inspired Art and Artifacts,63,5,2026-07-05T19:54:26.781326
48750405,Meta's Un-Stable Signature,114,16,2026-07-05T19:54:26.782761
48759579,Functional Programming in hica,33,8,2026-07-05T19:54:26.783272
48765920,Atomic Force Microscope [video],95,10,2026-07-05T19:54:26.784364
48742175,What ORMs have taught me: just learn SQL (2014),231,266,2026-07-05T19:54:26.785522
48787042,“Beyond the limit”: Satellites and mirrors in space pose threat to the night sky,174,270,2026-07-05T19:54:26.786065
48790912,The Log is the Agent,69,20,2026-07-05T19:54:26.786613
48794179,Phosh 0.56.0,55,6,2026-07-05T19:55:24.216115
48793454,Introduction to Compilers and Language Design,66,5,2026-07-05T19:55:24.216115
48786284,Airplane Boneyards List and Map,13,1,2026-07-05T19:55:24.217115
48790689,"If you're a button, you have one job",363,179,2026-07-05T19:55:24.217115
48791328,Shadcn/UI now defaults to Base UI instead of Radix,204,87,2026-07-05T19:55:24.218116
48746771,Medieval-style fortifications are back in the Sahel,16,8,2026-07-05T19:55:24.218116
48793542,Show HN: KiCad in the Browser,23,7,2026-07-05T19:55:24.219121
48793492,Cannabis Users Face Substantially Higher Risk of Heart Attack (2025),49,28,2026-07-05T19:55:24.219629
48792195,Knowledge Should Not Be Gated,49,26,2026-07-05T19:55:24.219629
48773079,Pandoc Lua Filters,99,8,2026-07-05T19:55:24.220639
48792008,"Fast Software, the Best Software (2019)",72,35,2026-07-05T19:55:24.221638
48746933,Trust your compiler: Modern C++,32,9,2026-07-05T19:55:24.222376
48789712,Jellyfish can heal wounds in minutes. Scientists want their secrets,160,36,2026-07-05T19:55:24.222376
48792399,Claude Design System Prompt,79,20,2026-07-05T19:55:24.222376
48793073,Pi square is nearly 10,27,20,2026-07-05T19:55:24.223388
48791591,Megawatts by Microwave,46,4,2026-07-05T19:55:24.223388
48791266,Moby Dick Workout (2022),65,24,2026-07-05T19:55:24.224388
48788283,"Command and Conquer Generals natively ported to macOS, iPhone, iPad using Fable",609,257,2026-07-05T19:55:24.225152
48751144,Artful Cats: Feline-Inspired Art and Artifacts,63,5,2026-07-05T19:55:24.225700
48750405,Meta's Un-Stable Signature,114,16,2026-07-05T19:55:24.226240
48759579,Functional Programming in hica,33,8,2026-07-05T19:55:24.226795
48765920,Atomic Force Microscope [video],95,10,2026-07-05T19:55:24.227328
48742175,What ORMs have taught me: just learn SQL (2014),231,267,2026-07-05T19:55:24.227328
48787042,“Beyond the limit”: Satellites and mirrors in space pose threat to the night sky,174,270,2026-07-05T19:55:24.228426
48790912,The Log is the Agent,69,20,2026-07-05T19:55:24.228985
48794179,Phosh 0.56.0,57,8,2026-07-05T19:56:22.653683
48793454,Introduction to Compilers and Language Design,67,5,2026-07-05T19:56:22.653683
48786284,Airplane Boneyards List and Map,13,1,2026-07-05T19:56:22.655192
48790689,"If you're a button, you have one job",363,179,2026-07-05T19:56:22.655192
48791328,Shadcn/UI now defaults to Base UI instead of Radix,204,87,2026-07-05T19:56:22.656397
48746771,Medieval-style fortifications are back in the Sahel,16,8,2026-07-05T19:56:22.656397
48793542,Show HN: KiCad in the Browser,23,7,2026-07-05T19:56:22.656397
48793492,Cannabis Users Face Substantially Higher Risk of Heart Attack (2025),49,28,2026-07-05T19:56:22.657478
48792195,Knowledge Should Not Be Gated,49,26,2026-07-05T19:56:22.657478
48773079,Pandoc Lua Filters,99,8,2026-07-05T19:56:22.658483
48792008,"Fast Software, the Best Software (2019)",72,35,2026-07-05T19:56:22.658483
48746933,Trust your compiler: Modern C++,32,9,2026-07-05T19:56:22.659172
48789712,Jellyfish can heal wounds in minutes. Scientists want their secrets,160,36,2026-07-05T19:56:22.659682
48792399,Claude Design System Prompt,79,20,2026-07-05T19:56:22.660690
48793073,Pi square is nearly 10,27,20,2026-07-05T19:56:22.660690
48791591,Megawatts by Microwave,46,4,2026-07-05T19:56:22.660690
48791266,Moby Dick Workout (2022),65,24,2026-07-05T19:56:22.661966
48788283,"Command and Conquer Generals natively ported to macOS, iPhone, iPad using Fable",609,257,2026-07-05T19:56:22.662482
48751144,Artful Cats: Feline-Inspired Art and Artifacts,63,5,2026-07-05T19:56:22.662988
48750405,Meta's Un-Stable Signature,114,16,2026-07-05T19:56:22.663510
48759579,Functional Programming in hica,33,8,2026-07-05T19:56:22.663510
48765920,Atomic Force Microscope [video],95,10,2026-07-05T19:56:22.664049
48742175,What ORMs have taught me: just learn SQL (2014),232,267,2026-07-05T19:56:22.664573
48790912,The Log is the Agent,70,20,2026-07-05T19:56:22.665109
48787042,“Beyond the limit”: Satellites and mirrors in space pose threat to the night sky,174,270,2026-07-05T19:56:22.665627
48794179,Phosh 0.56.0,57,8,2026-07-05T19:57:21.433758
48793454,Introduction to Compilers and Language Design,67,5,2026-07-05T19:57:21.433758
48786284,Airplane Boneyards List and Map,14,1,2026-07-05T19:57:21.434762
48790689,"If you're a button, you have one job",364,179,2026-07-05T19:57:21.434762
48791328,Shadcn/UI now defaults to Base UI instead of Radix,204,87,2026-07-05T19:57:21.435761
48746771,Medieval-style fortifications are back in the Sahel,16,7,2026-07-05T19:57:21.435761
48793542,Show HN: KiCad in the Browser,24,7,2026-07-05T19:57:21.435761
48793492,Cannabis Users Face Substantially Higher Risk of Heart Attack (2025),49,30,2026-07-05T19:57:21.437117
48792195,Knowledge Should Not Be Gated,49,26,2026-07-05T19:57:21.437117
48773079,Pandoc Lua Filters,99,8,2026-07-05T19:57:21.437117
48792008,"Fast Software, the Best Software (2019)",72,35,2026-07-05T19:57:21.438520
48746933,Trust your compiler: Modern C++,32,9,2026-07-05T19:57:21.438520
48789712,Jellyfish can heal wounds in minutes. Scientists want their secrets,160,36,2026-07-05T19:57:21.439561
48792399,Claude Design System Prompt,79,20,2026-07-05T19:57:21.440140
48793073,Pi square is nearly 10,27,20,2026-07-05T19:57:21.440569
48791591,Megawatts by Microwave,46,4,2026-07-05T19:57:21.441076
48791266,Moby Dick Workout (2022),65,24,2026-07-05T19:57:21.441076
48788283,"Command and Conquer Generals natively ported to macOS, iPhone, iPad using Fable",609,257,2026-07-05T19:57:21.442120
48751144,Artful Cats: Feline-Inspired Art and Artifacts,63,5,2026-07-05T19:57:21.442593
48750405,Meta's Un-Stable Signature,114,16,2026-07-05T19:57:21.443097
48759579,Functional Programming in hica,33,8,2026-07-05T19:57:21.443632
48765920,Atomic Force Microscope [video],95,10,2026-07-05T19:57:21.444175
48742175,What ORMs have taught me: just learn SQL (2014),232,268,2026-07-05T19:57:21.444175
48790912,The Log is the Agent,70,20,2026-07-05T19:57:21.444704
48787042,“Beyond the limit”: Satellites and mirrors in space pose threat to the night sky,174,270,2026-07-05T19:57:21.445247
48794179,Phosh 0.56.0,59,8,2026-07-05T19:58:20.795785
48793454,Introduction to Compilers and Language Design,67,5,2026-07-05T19:58:20.796784
48786284,Airplane Boneyards List and Map,14,1,2026-07-05T19:58:20.797786
48790689,"If you're a button, you have one job",364,180,2026-07-05T19:58:20.797786
48791328,Shadcn/UI now defaults to Base UI instead of Radix,205,87,2026-07-05T19:58:20.798785
48746771,Medieval-style fortifications are back in the Sahel,16,7,2026-07-05T19:58:20.798785
48793542,Show HN: KiCad in the Browser,24,8,2026-07-05T19:58:20.799786
48793492,Cannabis Users Face Substantially Higher Risk of Heart Attack (2025),49,32,2026-07-05T19:58:20.799786
48792195,Knowledge Should Not Be Gated,49,26,2026-07-05T19:58:20.800785
48773079,Pandoc Lua Filters,99,8,2026-07-05T19:58:20.800785
48792008,"Fast Software, the Best Software (2019)",72,35,2026-07-05T19:58:20.800785
48746933,Trust your compiler: Modern C++,32,9,2026-07-05T19:58:20.801787
48789712,Jellyfish can heal wounds in minutes. Scientists want their secrets,160,36,2026-07-05T19:58:20.802375
48792399,Claude Design System Prompt,79,20,2026-07-05T19:58:20.802905
48793073,Pi square is nearly 10,27,20,2026-07-05T19:58:20.803441
48791591,Megawatts by Microwave,47,4,2026-07-05T19:58:20.803980
48791266,Moby Dick Workout (2022),65,24,2026-07-05T19:58:20.804513
48788283,"Command and Conquer Generals natively ported to macOS, iPhone, iPad using Fable",609,257,2026-07-05T19:58:20.805051
48751144,Artful Cats: Feline-Inspired Art and Artifacts,63,5,2026-07-05T19:58:20.805589
48750405,Meta's Un-Stable Signature,114,16,2026-07-05T19:58:20.805589
48759579,Functional Programming in hica,33,8,2026-07-05T19:58:20.806124
48765920,Atomic Force Microscope [video],95,10,2026-07-05T19:58:20.806655
48742175,What ORMs have taught me: just learn SQL (2014),232,269,2026-07-05T19:58:20.807192
48790912,The Log is the Agent,70,20,2026-07-05T19:58:20.807735
48787042,“Beyond the limit”: Satellites and mirrors in space pose threat to the night sky,174,270,2026-07-05T19:58:20.808285
48794179,Phosh 0.56.0,59,8,2026-07-05T19:59:19.351549
48793454,Introduction to Compilers and Language Design,67,5,2026-07-05T19:59:19.352549
48786284,Airplane Boneyards List and Map,14,1,2026-07-05T19:59:19.352549
48790689,"If you're a button, you have one job",364,180,2026-07-05T19:59:19.354044
48791328,Shadcn/UI now defaults to Base UI instead of Radix,205,87,2026-07-05T19:59:19.354549
48746771,Medieval-style fortifications are back in the Sahel,16,7,2026-07-05T19:59:19.354549
48793542,Show HN: KiCad in the Browser,24,8,2026-07-05T19:59:19.355645
48793492,Cannabis Users Face Substantially Higher Risk of Heart Attack (2025),49,33,2026-07-05T19:59:19.355645
48792195,Knowledge Should Not Be Gated,49,26,2026-07-05T19:59:19.356643
48773079,Pandoc Lua Filters,99,8,2026-07-05T19:59:19.356643
48792008,"Fast Software, the Best Software (2019)",72,35,2026-07-05T19:59:19.356643
48746933,Trust your compiler: Modern C++,32,9,2026-07-05T19:59:19.358218
48789712,Jellyfish can heal wounds in minutes. Scientists want their secrets,160,36,2026-07-05T19:59:19.358218
48792399,Claude Design System Prompt,79,20,2026-07-05T19:59:19.358218
48793073,Pi square is nearly 10,27,20,2026-07-05T19:59:19.359643
48791591,Megawatts by Microwave,47,4,2026-07-05T19:59:19.360275
48791266,Moby Dick Workout (2022),65,24,2026-07-05T19:59:19.360275
48788283,"Command and Conquer Generals natively ported to macOS, iPhone, iPad using Fable",609,257,2026-07-05T19:59:19.360782
48751144,Artful Cats: Feline-Inspired Art and Artifacts,63,5,2026-07-05T19:59:19.361329
48750405,Meta's Un-Stable Signature,114,16,2026-07-05T19:59:19.361859
48759579,Functional Programming in hica,33,8,2026-07-05T19:59:19.362397
48765920,Atomic Force Microscope [video],95,10,2026-07-05T19:59:19.362397
48742175,What ORMs have taught me: just learn SQL (2014),232,269,2026-07-05T19:59:19.362927
48790912,The Log is the Agent,70,20,2026-07-05T19:59:19.363465
48787042,“Beyond the limit”: Satellites and mirrors in space pose threat to the night sky,174,270,2026-07-05T19:59:19.364057
48794179,Phosh 0.56.0,59,8,2026-07-05T20:00:17.722216
48793454,Introduction to Compilers and Language Design,68,5,2026-07-05T20:00:17.723214
48794446,Organic Maps,5,1,2026-07-05T20:00:17.723214
48786284,Airplane Boneyards List and Map,14,1,2026-07-05T20:00:17.723214
48790689,"If you're a button, you have one job",364,180,2026-07-05T20:00:17.724614
48791328,Shadcn/UI now defaults to Base UI instead of Radix,206,87,2026-07-05T20:00:17.724614
48746771,Medieval-style fortifications are back in the Sahel,16,7,2026-07-05T20:00:17.725614
48793542,Show HN: KiCad in the Browser,24,8,2026-07-05T20:00:17.725614
48793492,Cannabis Users Face Substantially Higher Risk of Heart Attack (2025),49,33,2026-07-05T20:00:17.725614
48773079,Pandoc Lua Filters,99,8,2026-07-05T20:00:17.726613
48792195,Knowledge Should Not Be Gated,49,27,2026-07-05T20:00:17.726613
48792008,"Fast Software, the Best Software (2019)",72,35,2026-07-05T20:00:17.726613
48746933,Trust your compiler: Modern C++,32,10,2026-07-05T20:00:17.727861
48792399,Claude Design System Prompt,80,20,2026-07-05T20:00:17.727861
48789712,Jellyfish can heal wounds in minutes. Scientists want their secrets,160,36,2026-07-05T20:00:17.728418
48793073,Pi square is nearly 10,27,20,2026-07-05T20:00:17.728930
48791591,Megawatts by Microwave,47,4,2026-07-05T20:00:17.728930
48791266,Moby Dick Workout (2022),65,23,2026-07-05T20:00:17.729940
48788283,"Command and Conquer Generals natively ported to macOS, iPhone, iPad using Fable",609,257,2026-07-05T20:00:17.729940
48751144,Artful Cats: Feline-Inspired Art and Artifacts,63,5,2026-07-05T20:00:17.730808
48750405,Meta's Un-Stable Signature,114,16,2026-07-05T20:00:17.730808
48759579,Functional Programming in hica,33,8,2026-07-05T20:00:17.731318
48765920,Atomic Force Microscope [video],95,10,2026-07-05T20:00:17.731873
48742175,What ORMs have taught me: just learn SQL (2014),232,269,2026-07-05T20:00:17.732407
48790912,The Log is the Agent,70,20,2026-07-05T20:00:17.732944
48794179,Phosh 0.56.0,59,8,2026-07-05T20:01:16.784801
48793454,Introduction to Compilers and Language Design,68,5,2026-07-05T20:01:16.785839
48794446,Organic Maps,5,1,2026-07-05T20:01:16.785839
48786284,Airplane Boneyards List and Map,14,1,2026-07-05T20:01:16.786836
48790689,"If you're a button, you have one job",365,179,2026-07-05T20:01:16.786836
48791328,Shadcn/UI now defaults to Base UI instead of Radix,206,88,2026-07-05T20:01:16.787836
48746771,Medieval-style fortifications are back in the Sahel,16,8,2026-07-05T20:01:16.787836
48793542,Show HN: KiCad in the Browser,24,8,2026-07-05T20:01:16.788836
48793492,Cannabis Users Face Substantially Higher Risk of Heart Attack (2025),50,34,2026-07-05T20:01:16.788836
48773079,Pandoc Lua Filters,99,8,2026-07-05T20:01:16.789836
48792195,Knowledge Should Not Be Gated,49,27,2026-07-05T20:01:16.789836
48792008,"Fast Software, the Best Software (2019)",72,35,2026-07-05T20:01:16.791008
48746933,Trust your compiler: Modern C++,32,10,2026-07-05T20:01:16.791008
48792399,Claude Design System Prompt,81,20,2026-07-05T20:01:16.792091
48789712,Jellyfish can heal wounds in minutes. Scientists want their secrets,160,36,2026-07-05T20:01:16.792091
48793073,Pi square is nearly 10,27,20,2026-07-05T20:01:16.792924
48791591,Megawatts by Microwave,47,4,2026-07-05T20:01:16.793431
48788283,"Command and Conquer Generals natively ported to macOS, iPhone, iPad using Fable",610,257,2026-07-05T20:01:16.793965
48791266,Moby Dick Workout (2022),65,24,2026-07-05T20:01:16.794487
48751144,Artful Cats: Feline-Inspired Art and Artifacts,63,5,2026-07-05T20:01:16.794487
48750405,Meta's Un-Stable Signature,114,16,2026-07-05T20:01:16.795024
48759579,Functional Programming in hica,33,8,2026-07-05T20:01:16.795550
48765920,Atomic Force Microscope [video],95,10,2026-07-05T20:01:16.796080
48742175,What ORMs have taught me: just learn SQL (2014),232,269,2026-07-05T20:01:16.796615
48790912,The Log is the Agent,71,20,2026-07-05T20:01:16.796615
48794179,Phosh 0.56.0,61,9,2026-07-05T20:02:15.001210
48793454,Introduction to Compilers and Language Design,68,5,2026-07-05T20:02:15.001210
48794446,Organic Maps,7,1,2026-07-05T20:02:15.002211
48786284,Airplane Boneyards List and Map,14,1,2026-07-05T20:02:15.002211
48790689,"If you're a button, you have one job",365,179,2026-07-05T20:02:15.003356
48791328,Shadcn/UI now defaults to Base UI instead of Radix,206,88,2026-07-05T20:02:15.003356
48746771,Medieval-style fortifications are back in the Sahel,16,8,2026-07-05T20:02:15.004537
48793542,Show HN: KiCad in the Browser,24,8,2026-07-05T20:02:15.004537
48793492,Cannabis Users Face Substantially Higher Risk of Heart Attack (2025),50,34,2026-07-05T20:02:15.004537
48773079,Pandoc Lua Filters,99,8,2026-07-05T20:02:15.005557
48792195,Knowledge Should Not Be Gated,49,27,2026-07-05T20:02:15.005557
48792008,"Fast Software, the Best Software (2019)",73,35,2026-07-05T20:02:15.006557
48746933,Trust your compiler: Modern C++,32,10,2026-07-05T20:02:15.007393
48792399,Claude Design System Prompt,81,20,2026-07-05T20:02:15.007393
48789712,Jellyfish can heal wounds in minutes. Scientists want their secrets,160,36,2026-07-05T20:02:15.007897
48791591,Megawatts by Microwave,48,4,2026-07-05T20:02:15.008923
48793073,Pi square is nearly 10,27,20,2026-07-05T20:02:15.008923
48788283,"Command and Conquer Generals natively ported to macOS, iPhone, iPad using Fable",610,257,2026-07-05T20:02:15.008923
48791266,Moby Dick Workout (2022),65,24,2026-07-05T20:02:15.010146
48751144,Artful Cats: Feline-Inspired Art and Artifacts,63,5,2026-07-05T20:02:15.010847
48750405,Meta's Un-Stable Signature,114,16,2026-07-05T20:02:15.011383
48759579,Functional Programming in hica,33,8,2026-07-05T20:02:15.011936
48765920,Atomic Force Microscope [video],95,10,2026-07-05T20:02:15.011936
48790912,The Log is the Agent,71,20,2026-07-05T20:02:15.012477
48742175,What ORMs have taught me: just learn SQL (2014),233,269,2026-07-05T20:02:15.013024
48794179,Phosh 0.56.0,62,9,2026-07-05T20:03:12.599569
48794446,Organic Maps,9,1,2026-07-05T20:03:12.600569
48793454,Introduction to Compilers and Language Design,68,5,2026-07-05T20:03:12.601569
48786284,Airplane Boneyards List and Map,14,1,2026-07-05T20:03:12.601569
48790689,"If you're a button, you have one job",367,179,2026-07-05T20:03:12.601569
48791328,Shadcn/UI now defaults to Base UI instead of Radix,207,89,2026-07-05T20:03:12.602937
48746771,Medieval-style fortifications are back in the Sahel,17,8,2026-07-05T20:03:12.602937
48793542,Show HN: KiCad in the Browser,24,8,2026-07-05T20:03:12.602937
48793492,Cannabis Users Face Substantially Higher Risk of Heart Attack (2025),50,34,2026-07-05T20:03:12.604108
48773079,Pandoc Lua Filters,99,8,2026-07-05T20:03:12.604108
48792195,Knowledge Should Not Be Gated,49,27,2026-07-05T20:03:12.604108
48792008,"Fast Software, the Best Software (2019)",73,35,2026-07-05T20:03:12.605111
48746933,Trust your compiler: Modern C++,32,11,2026-07-05T20:03:12.605634
48792399,Claude Design System Prompt,81,20,2026-07-05T20:03:12.606141
48789712,Jellyfish can heal wounds in minutes. Scientists want their secrets,160,36,2026-07-05T20:03:12.606141
48791591,Megawatts by Microwave,48,4,2026-07-05T20:03:12.606141
48793073,Pi square is nearly 10,27,20,2026-07-05T20:03:12.607282
48788283,"Command and Conquer Generals natively ported to macOS, iPhone, iPad using Fable",610,257,2026-07-05T20:03:12.607282
48791266,Moby Dick Workout (2022),65,24,2026-07-05T20:03:12.607944
48751144,Artful Cats: Feline-Inspired Art and Artifacts,63,5,2026-07-05T20:03:12.608451
48750405,Meta's Un-Stable Signature,114,16,2026-07-05T20:03:12.608451
48759579,Functional Programming in hica,33,8,2026-07-05T20:03:12.608989
48765920,Atomic Force Microscope [video],95,10,2026-07-05T20:03:12.609524
48790912,The Log is the Agent,71,20,2026-07-05T20:03:12.609524
48742175,What ORMs have taught me: just learn SQL (2014),233,269,2026-07-05T20:03:12.610079
48794179,Phosh 0.56.0,62,10,2026-07-05T20:04:11.690060
48794446,Organic Maps,12,2,2026-07-05T20:04:11.690060
48793454,Introduction to Compilers and Language Design,69,5,2026-07-05T20:04:11.691182
48786284,Airplane Boneyards List and Map,14,1,2026-07-05T20:04:11.691182
48790689,"If you're a button, you have one job",367,179,2026-07-05T20:04:11.692415
48791328,Shadcn/UI now defaults to Base UI instead of Radix,207,90,2026-07-05T20:04:11.692415
48746771,Medieval-style fortifications are back in the Sahel,17,8,2026-07-05T20:04:11.693432
48793542,Show HN: KiCad in the Browser,24,8,2026-07-05T20:04:11.693432
48793492,Cannabis Users Face Substantially Higher Risk of Heart Attack (2025),50,34,2026-07-05T20:04:11.694432
48773079,Pandoc Lua Filters,99,8,2026-07-05T20:04:11.694432
48792195,Knowledge Should Not Be Gated,50,27,2026-07-05T20:04:11.694432
48792008,"Fast Software, the Best Software (2019)",74,35,2026-07-05T20:04:11.695436
48746933,Trust your compiler: Modern C++,32,11,2026-07-05T20:04:11.696006
48792399,Claude Design System Prompt,81,20,2026-07-05T20:04:11.696514
48789712,Jellyfish can heal wounds in minutes. Scientists want their secrets,160,36,2026-07-05T20:04:11.696514
48791591,Megawatts by Microwave,48,4,2026-07-05T20:04:11.697562
48793073,Pi square is nearly 10,27,20,2026-07-05T20:04:11.698343
48788283,"Command and Conquer Generals natively ported to macOS, iPhone, iPad using Fable",610,257,2026-07-05T20:04:11.698849
48791266,Moby Dick Workout (2022),65,24,2026-07-05T20:04:11.699394
48759579,Functional Programming in hica,34,8,2026-07-05T20:04:11.699394
48751144,Artful Cats: Feline-Inspired Art and Artifacts,63,5,2026-07-05T20:04:11.699921
48750405,Meta's Un-Stable Signature,114,16,2026-07-05T20:04:11.700447
48765920,Atomic Force Microscope [video],95,10,2026-07-05T20:04:11.700974
48790912,The Log is the Agent,71,20,2026-07-05T20:04:11.701518
48742175,What ORMs have taught me: just learn SQL (2014),233,269,2026-07-05T20:04:11.702047
48794179,Phosh 0.56.0,62,10,2026-07-05T20:05:11.364021
48794446,Organic Maps,14,2,2026-07-05T20:05:11.365020
48793454,Introduction to Compilers and Language Design,70,5,2026-07-05T20:05:11.366018
48786284,Airplane Boneyards List and Map,14,1,2026-07-05T20:05:11.366018
48790689,"If you're a button, you have one job",369,180,2026-07-05T20:05:11.367017
48791328,Shadcn/UI now defaults to Base UI instead of Radix,207,91,2026-07-05T20:05:11.367017
48746771,Medieval-style fortifications are back in the Sahel,18,9,2026-07-05T20:05:11.368019
48793492,Cannabis Users Face Substantially Higher Risk of Heart Attack (2025),51,34,2026-07-05T20:05:11.368019
48793542,Show HN: KiCad in the Browser,24,8,2026-07-05T20:05:11.369017
48792195,Knowledge Should Not Be Gated,50,27,2026-07-05T20:05:11.370019
48773079,Pandoc Lua Filters,99,8,2026-07-05T20:05:11.370019
48792008,"Fast Software, the Best Software (2019)",74,35,2026-07-05T20:05:11.370766
48746933,Trust your compiler: Modern C++,32,12,2026-07-05T20:05:11.371980
48792399,Claude Design System Prompt,81,20,2026-07-05T20:05:11.371980
48789712,Jellyfish can heal wounds in minutes. Scientists want their secrets,160,36,2026-07-05T20:05:11.372978
48791591,Megawatts by Microwave,48,4,2026-07-05T20:05:11.373978
48793073,Pi square is nearly 10,27,20,2026-07-05T20:05:11.374403
48788283,"Command and Conquer Generals natively ported to macOS, iPhone, iPad using Fable",610,257,2026-07-05T20:05:11.374909
48791266,Moby Dick Workout (2022),65,24,2026-07-05T20:05:11.375521
48759579,Functional Programming in hica,34,8,2026-07-05T20:05:11.376074
48751144,Artful Cats: Feline-Inspired Art and Artifacts,63,5,2026-07-05T20:05:11.376614
48750405,Meta's Un-Stable Signature,114,16,2026-07-05T20:05:11.377153
48793298,"Spain's cadastre API is SOAP from 2003, so I built a JSON wrapper (+MCP)",5,0,2026-07-05T20:05:11.377699
48765920,Atomic Force Microscope [video],95,10,2026-07-05T20:05:11.378243
48742175,What ORMs have taught me: just learn SQL (2014),233,270,2026-07-05T20:05:11.378774
48794179,Phosh 0.56.0,62,10,2026-07-05T20:06:10.736632
48794446,Organic Maps,17,2,2026-07-05T20:06:10.737628
48793454,Introduction to Compilers and Language Design,70,5,2026-07-05T20:06:10.737628
48786284,Airplane Boneyards List and Map,14,1,2026-07-05T20:06:10.739021
48790689,"If you're a button, you have one job",369,181,2026-07-05T20:06:10.739021
48791328,Shadcn/UI now defaults to Base UI instead of Radix,207,91,2026-07-05T20:06:10.740068
48746771,Medieval-style fortifications are back in the Sahel,18,10,2026-07-05T20:06:10.740068
48793492,Cannabis Users Face Substantially Higher Risk of Heart Attack (2025),51,34,2026-07-05T20:06:10.741127
48793542,Show HN: KiCad in the Browser,24,8,2026-07-05T20:06:10.741127
48792195,Knowledge Should Not Be Gated,50,27,2026-07-05T20:06:10.742126
48773079,Pandoc Lua Filters,99,8,2026-07-05T20:06:10.742126
48792008,"Fast Software, the Best Software (2019)",74,36,2026-07-05T20:06:10.742862
48746933,Trust your compiler: Modern C++,32,12,2026-07-05T20:06:10.743371
48792399,Claude Design System Prompt,82,20,2026-07-05T20:06:10.743371
48789712,Jellyfish can heal wounds in minutes. Scientists want their secrets,160,36,2026-07-05T20:06:10.744381
48791591,Megawatts by Microwave,48,4,2026-07-05T20:06:10.744381
48793073,Pi square is nearly 10,27,20,2026-07-05T20:06:10.745415
48788283,"Command and Conquer Generals natively ported to macOS, iPhone, iPad using Fable",610,257,2026-07-05T20:06:10.745924
48791266,Moby Dick Workout (2022),65,24,2026-07-05T20:06:10.746474
48759579,Functional Programming in hica,34,8,2026-07-05T20:06:10.747003
48751144,Artful Cats: Feline-Inspired Art and Artifacts,63,5,2026-07-05T20:06:10.747531
48750405,Meta's Un-Stable Signature,114,16,2026-07-05T20:06:10.748065
48793298,"Spain's cadastre API is SOAP from 2003, so I built a JSON wrapper (+MCP)",5,0,2026-07-05T20:06:10.748598
48765920,Atomic Force Microscope [video],95,10,2026-07-05T20:06:10.749130
48742175,What ORMs have taught me: just learn SQL (2014),233,270,2026-07-05T20:06:10.749130
48794179,Phosh 0.56.0,64,10,2026-07-05T20:07:10.270115
48794446,Organic Maps,19,2,2026-07-05T20:07:10.271114
48793454,Introduction to Compilers and Language Design,71,5,2026-07-05T20:07:10.272115
48786284,Airplane Boneyards List and Map,14,1,2026-07-05T20:07:10.272115
48790689,"If you're a button, you have one job",370,181,2026-07-05T20:07:10.272115
48791328,Shadcn/UI now defaults to Base UI instead of Radix,207,91,2026-07-05T20:07:10.273115
48746771,Medieval-style fortifications are back in the Sahel,18,10,2026-07-05T20:07:10.273115
48793492,Cannabis Users Face Substantially Higher Risk of Heart Attack (2025),52,35,2026-07-05T20:07:10.274118
48793542,Show HN: KiCad in the Browser,25,8,2026-07-05T20:07:10.274118
48792195,Knowledge Should Not Be Gated,50,27,2026-07-05T20:07:10.274118
48773079,Pandoc Lua Filters,99,8,2026-07-05T20:07:10.275117
48792008,"Fast Software, the Best Software (2019)",75,37,2026-07-05T20:07:10.275117
48746933,Trust your compiler: Modern C++,34,13,2026-07-05T20:07:10.275117
48792399,Claude Design System Prompt,82,20,2026-07-05T20:07:10.276117
48789712,Jellyfish can heal wounds in minutes. Scientists want their secrets,160,36,2026-07-05T20:07:10.276643
48791591,Megawatts by Microwave,48,4,2026-07-05T20:07:10.276643
48793073,Pi square is nearly 10,27,20,2026-07-05T20:07:10.277659
48788283,"Command and Conquer Generals natively ported to macOS, iPhone, iPad using Fable",610,257,2026-07-05T20:07:10.277659
48791266,Moby Dick Workout (2022),65,24,2026-07-05T20:07:10.278990
48759579,Functional Programming in hica,34,8,2026-07-05T20:07:10.279496
48751144,Artful Cats: Feline-Inspired Art and Artifacts,63,5,2026-07-05T20:07:10.280018
48750405,Meta's Un-Stable Signature,114,16,2026-07-05T20:07:10.280018
48793298,"Spain's cadastre API is SOAP from 2003, so I built a JSON wrapper (+MCP)",5,0,2026-07-05T20:07:10.280566
48765920,Atomic Force Microscope [video],95,10,2026-07-05T20:07:10.281099
48742175,What ORMs have taught me: just learn SQL (2014),233,270,2026-07-05T20:07:10.281641
48794179,Phosh 0.56.0,64,10,2026-07-05T20:08:09.644940
48794446,Organic Maps,19,2,2026-07-05T20:08:09.644940
48793454,Introduction to Compilers and Language Design,71,5,2026-07-05T20:08:09.646119
48786284,Airplane Boneyards List and Map,14,1,2026-07-05T20:08:09.646119
48790689,"If you're a button, you have one job",370,181,2026-07-05T20:08:09.647125
48791328,Shadcn/UI now defaults to Base UI instead of Radix,208,91,2026-07-05T20:08:09.647125
48746771,Medieval-style fortifications are back in the Sahel,18,11,2026-07-05T20:08:09.647125
48793492,Cannabis Users Face Substantially Higher Risk of Heart Attack (2025),52,36,2026-07-05T20:08:09.648133
48793542,Show HN: KiCad in the Browser,25,8,2026-07-05T20:08:09.648133
48792195,Knowledge Should Not Be Gated,50,28,2026-07-05T20:08:09.649306
48773079,Pandoc Lua Filters,99,8,2026-07-05T20:08:09.649306
48792008,"Fast Software, the Best Software (2019)",76,37,2026-07-05T20:08:09.650313
48746933,Trust your compiler: Modern C++,35,14,2026-07-05T20:08:09.651359
48792399,Claude Design System Prompt,83,20,2026-07-05T20:08:09.651359
48789712,Jellyfish can heal wounds in minutes. Scientists want their secrets,160,36,2026-07-05T20:08:09.652368
48791591,Megawatts by Microwave,48,4,2026-07-05T20:08:09.652877
48793073,Pi square is nearly 10,27,20,2026-07-05T20:08:09.653382
48788283,"Command and Conquer Generals natively ported to macOS, iPhone, iPad using Fable",610,257,2026-07-05T20:08:09.653916
48791266,Moby Dick Workout (2022),65,24,2026-07-05T20:08:09.654434
48759579,Functional Programming in hica,34,8,2026-07-05T20:08:09.654958
48751144,Artful Cats: Feline-Inspired Art and Artifacts,63,5,2026-07-05T20:08:09.655500
48750405,Meta's Un-Stable Signature,114,16,2026-07-05T20:08:09.656031
48793298,"Spain's cadastre API is SOAP from 2003, so I built a JSON wrapper (+MCP)",5,0,2026-07-05T20:08:09.656568
48765920,Atomic Force Microscope [video],95,10,2026-07-05T20:08:09.657132
48742175,What ORMs have taught me: just learn SQL (2014),233,271,2026-07-05T20:08:09.657684
48794179,Phosh 0.56.0,66,10,2026-07-05T20:09:10.351793
48794446,Organic Maps,20,2,2026-07-05T20:09:10.352825
48793454,Introduction to Compilers and Language Design,72,5,2026-07-05T20:09:10.352825
48786284,Airplane Boneyards List and Map,14,1,2026-07-05T20:09:10.353824
48790689,"If you're a button, you have one job",370,181,2026-07-05T20:09:10.353824
48791328,Shadcn/UI now defaults to Base UI instead of Radix,208,91,2026-07-05T20:09:10.353824
48746771,Medieval-style fortifications are back in the Sahel,19,11,2026-07-05T20:09:10.354825
48793492,Cannabis Users Face Substantially Higher Risk of Heart Attack (2025),52,36,2026-07-05T20:09:10.354825
48793542,Show HN: KiCad in the Browser,25,8,2026-07-05T20:09:10.355825
48792195,Knowledge Should Not Be Gated,50,29,2026-07-05T20:09:10.355825
48773079,Pandoc Lua Filters,99,8,2026-07-05T20:09:10.356836
48792008,"Fast Software, the Best Software (2019)",76,37,2026-07-05T20:09:10.357807
48746933,Trust your compiler: Modern C++,35,14,2026-07-05T20:09:10.357807
48792399,Claude Design System Prompt,83,20,2026-07-05T20:09:10.357807
48789712,Jellyfish can heal wounds in minutes. Scientists want their secrets,160,36,2026-07-05T20:09:10.359303
48791591,Megawatts by Microwave,48,4,2026-07-05T20:09:10.360303
48793073,Pi square is nearly 10,27,20,2026-07-05T20:09:10.360303
48788283,"Command and Conquer Generals natively ported to macOS, iPhone, iPad using Fable",611,257,2026-07-05T20:09:10.361087
48791266,Moby Dick Workout (2022),67,24,2026-07-05T20:09:10.361598
48759579,Functional Programming in hica,33,8,2026-07-05T20:09:10.362134
48751144,Artful Cats: Feline-Inspired Art and Artifacts,64,5,2026-07-05T20:09:10.362675
48750405,Meta's Un-Stable Signature,114,16,2026-07-05T20:09:10.363231
48793298,"Spain's cadastre API is SOAP from 2003, so I built a JSON wrapper (+MCP)",5,0,2026-07-05T20:09:10.363772
48790912,The Log is the Agent,73,20,2026-07-05T20:09:10.364316
48765920,Atomic Force Microscope [video],95,10,2026-07-05T20:09:10.364861
48794179,Phosh 0.56.0,67,10,2026-07-05T20:10:07.900181
48794446,Organic Maps,21,3,2026-07-05T20:10:07.901181
48793454,Introduction to Compilers and Language Design,73,5,2026-07-05T20:10:07.901181
48786284,Airplane Boneyards List and Map,14,1,2026-07-05T20:10:07.901181
48790689,"If you're a button, you have one job",372,181,2026-07-05T20:10:07.902623
48791328,Shadcn/UI now defaults to Base UI instead of Radix,208,91,2026-07-05T20:10:07.902623
48746771,Medieval-style fortifications are back in the Sahel,19,11,2026-07-05T20:10:07.903622
48793492,Cannabis Users Face Substantially Higher Risk of Heart Attack (2025),52,36,2026-07-05T20:10:07.903622
48793542,Show HN: KiCad in the Browser,25,8,2026-07-05T20:10:07.903622
48792195,Knowledge Should Not Be Gated,50,29,2026-07-05T20:10:07.903622
48773079,Pandoc Lua Filters,99,8,2026-07-05T20:10:07.904809
48792008,"Fast Software, the Best Software (2019)",76,37,2026-07-05T20:10:07.904809
48746933,Trust your compiler: Modern C++,35,16,2026-07-05T20:10:07.905864
48792399,Claude Design System Prompt,83,20,2026-07-05T20:10:07.905864
48789712,Jellyfish can heal wounds in minutes. Scientists want their secrets,160,36,2026-07-05T20:10:07.906433
48791591,Megawatts by Microwave,48,4,2026-07-05T20:10:07.906940
48793073,Pi square is nearly 10,27,20,2026-07-05T20:10:07.906940
48788283,"Command and Conquer Generals natively ported to macOS, iPhone, iPad using Fable",611,257,2026-07-05T20:10:07.906940
48791266,Moby Dick Workout (2022),67,24,2026-07-05T20:10:07.908235
48751144,Artful Cats: Feline-Inspired Art and Artifacts,64,5,2026-07-05T20:10:07.908635
48750405,Meta's Un-Stable Signature,114,16,2026-07-05T20:10:07.908635
48793298,"Spain's cadastre API is SOAP from 2003, so I built a JSON wrapper (+MCP)",5,0,2026-07-05T20:10:07.909141
48790912,The Log is the Agent,73,20,2026-07-05T20:10:07.909669
48765920,Atomic Force Microscope [video],95,10,2026-07-05T20:10:07.909669
48742175,What ORMs have taught me: just learn SQL (2014),235,272,2026-07-05T20:10:07.910205
48794179,Phosh 0.56.0,69,10,2026-07-05T20:11:05.759884
48794446,Organic Maps,21,3,2026-07-05T20:11:05.760935
48793454,Introduction to Compilers and Language Design,73,5,2026-07-05T20:11:05.760935
48786284,Airplane Boneyards List and Map,14,1,2026-07-05T20:11:05.760935
48790689,"If you're a button, you have one job",374,181,2026-07-05T20:11:05.761981
48791328,Shadcn/UI now defaults to Base UI instead of Radix,208,91,2026-07-05T20:11:05.761981
48793492,Cannabis Users Face Substantially Higher Risk of Heart Attack (2025),54,36,2026-07-05T20:11:05.763224
48746771,Medieval-style fortifications are back in the Sahel,19,12,2026-07-05T20:11:05.763224
48793542,Show HN: KiCad in the Browser,25,8,2026-07-05T20:11:05.763224
48792195,Knowledge Should Not Be Gated,50,29,2026-07-05T20:11:05.763224
48773079,Pandoc Lua Filters,99,8,2026-07-05T20:11:05.764640
48792008,"Fast Software, the Best Software (2019)",76,38,2026-07-05T20:11:05.764640
48746933,Trust your compiler: Modern C++,35,16,2026-07-05T20:11:05.764640
48792399,Claude Design System Prompt,83,20,2026-07-05T20:11:05.765806
48789712,Jellyfish can heal wounds in minutes. Scientists want their secrets,160,36,2026-07-05T20:11:05.765806
48791591,Megawatts by Microwave,48,4,2026-07-05T20:11:05.766544
48793073,Pi square is nearly 10,27,20,2026-07-05T20:11:05.766544
48788283,"Command and Conquer Generals natively ported to macOS, iPhone, iPad using Fable",611,257,2026-07-05T20:11:05.767556
48791266,Moby Dick Workout (2022),69,24,2026-07-05T20:11:05.767556
48751144,Artful Cats: Feline-Inspired Art and Artifacts,64,5,2026-07-05T20:11:05.768451
48750405,Meta's Un-Stable Signature,114,16,2026-07-05T20:11:05.768451
48793298,"Spain's cadastre API is SOAP from 2003, so I built a JSON wrapper (+MCP)",5,0,2026-07-05T20:11:05.768961
48790912,The Log is the Agent,73,20,2026-07-05T20:11:05.769501
48765920,Atomic Force Microscope [video],95,11,2026-07-05T20:11:05.769501
48742175,What ORMs have taught me: just learn SQL (2014),235,272,2026-07-05T20:11:05.770037
48794179,Phosh 0.56.0,69,11,2026-07-05T20:12:03.018491
48794446,Organic Maps,21,4,2026-07-05T20:12:03.018491
48793454,Introduction to Compilers and Language Design,74,5,2026-07-05T20:12:03.019501
48786284,Airplane Boneyards List and Map,14,1,2026-07-05T20:12:03.019501
48790689,"If you're a button, you have one job",374,181,2026-07-05T20:12:03.020505
48791328,Shadcn/UI now defaults to Base UI instead of Radix,208,91,2026-07-05T20:12:03.020505
48793492,Cannabis Users Face Substantially Higher Risk of Heart Attack (2025),54,36,2026-07-05T20:12:03.021502
48746771,Medieval-style fortifications are back in the Sahel,19,12,2026-07-05T20:12:03.021502
48793542,Show HN: KiCad in the Browser,25,8,2026-07-05T20:12:03.021502
48792195,Knowledge Should Not Be Gated,50,29,2026-07-05T20:12:03.022504
48773079,Pandoc Lua Filters,99,8,2026-07-05T20:12:03.022504
48792008,"Fast Software, the Best Software (2019)",76,38,2026-07-05T20:12:03.022504
48746933,Trust your compiler: Modern C++,35,16,2026-07-05T20:12:03.023500
48792399,Claude Design System Prompt,83,20,2026-07-05T20:12:03.023500
48789712,Jellyfish can heal wounds in minutes. Scientists want their secrets,160,36,2026-07-05T20:12:03.024234
48791591,Megawatts by Microwave,48,4,2026-07-05T20:12:03.024741
48793073,Pi square is nearly 10,27,20,2026-07-05T20:12:03.024741
48791266,Moby Dick Workout (2022),69,24,2026-07-05T20:12:03.024741
48788283,"Command and Conquer Generals natively ported to macOS, iPhone, iPad using Fable",611,257,2026-07-05T20:12:03.025752
48751144,Artful Cats: Feline-Inspired Art and Artifacts,64,5,2026-07-05T20:12:03.026360
48750405,Meta's Un-Stable Signature,114,16,2026-07-05T20:12:03.026360
48793298,"Spain's cadastre API is SOAP from 2003, so I built a JSON wrapper (+MCP)",5,0,2026-07-05T20:12:03.026870
48790912,The Log is the Agent,73,20,2026-07-05T20:12:03.027411
48765920,Atomic Force Microscope [video],95,11,2026-07-05T20:12:03.027411
48742175,What ORMs have taught me: just learn SQL (2014),235,272,2026-07-05T20:12:03.027954
48834309,"GhostLock, a stack-UAF that has existed in all Linux distributions for 15 years",165,59,2026-07-13T10:45:30.285024
48885643,"Cyberpunk Comics, Manga and Graphic Novels",128,33,2026-07-13T10:45:30.286277
48886741,Ask HN: Add flag for AI-generated articles,281,164,2026-07-13T10:45:30.286277
48884395,Tiny Emulators,185,11,2026-07-13T10:45:30.287286
48827126,"So you want to learn physics (second edition, 2021)",142,21,2026-07-13T10:45:30.287286
48885728,Designing and assembling my first PCB,78,29,2026-07-13T10:45:30.287791
48831840,"First look at Quest, the final ship of Antarctic explorer Shackleton",17,1,2026-07-13T10:45:30.287791
48884984,Ask HN: What Are You Working On? (July 2026),106,325,2026-07-13T10:45:30.287791
48887753,Count Binface,72,15,2026-07-13T10:45:30.288798
48882569,LARP – Revenue infrastructure for serious founders,196,40,2026-07-13T10:45:30.288798
48882716,"Migrating a production AI agent to GPT-5.6: 2.2x faster, 27% cheaper",170,62,2026-07-13T10:45:30.289868
48883275,Claude Code sends 33k tokens before reading the prompt; OpenCode sends 7k,518,291,2026-07-13T10:45:30.289868
48881967,How we can reduce traffic congestion,106,136,2026-07-13T10:45:30.289868
48884992,"Kode Dot Programmable pocket device for makers, pentesters and geeks",58,16,2026-07-13T10:45:30.289868
48861923,Why write code in 2026,131,170,2026-07-13T10:45:30.291257
48883238,I Learned to Read Again,119,50,2026-07-13T10:45:30.291257
48854168,"Vint Cerf, “father of the Internet”, is retiring",293,168,2026-07-13T10:45:30.292257
48849983,Are you telling me a readonly property is wrecking my performance?,5,3,2026-07-13T10:45:30.292257
48882554,Automation Without Understanding,107,45,2026-07-13T10:45:30.292257
48859526,"Guy took Jupiter photo with Game Boy Camera, giant telescope, publishes tutorial",7,2,2026-07-13T10:45:30.292257
48885138,"Profiling the ""Abundance"" housing bottleneck with real data",35,28,2026-07-13T10:45:30.293673
48884618,Flash-MSA: Accelerating Million-Token Training with Sparse Attention Kernels,33,2,2026-07-13T10:45:30.293673
48883090,Mechanistic interpretability researchers applying causality theory to LLMs,94,67,2026-07-13T10:45:30.293673
48885705,Why Vanilla JavaScript,107,62,2026-07-13T10:45:30.294727
48882956,Against Usefulness,96,24,2026-07-13T10:45:30.295283
48834309,"GhostLock, a stack-UAF that has existed in all Linux distributions for 15 years",165,60,2026-07-13T10:46:32.903043
48885643,"Cyberpunk Comics, Manga and Graphic Novels",128,34,2026-07-13T10:46:32.903043
48886741,Ask HN: Add flag for AI-generated articles,283,166,2026-07-13T10:46:32.904225
48884395,Tiny Emulators,185,11,2026-07-13T10:46:32.904225
48827126,"So you want to learn physics (second edition, 2021)",142,21,2026-07-13T10:46:32.905615
48885728,Designing and assembling my first PCB,78,29,2026-07-13T10:46:32.905615
48831840,"First look at Quest, the final ship of Antarctic explorer Shackleton",17,1,2026-07-13T10:46:32.906775
48884984,Ask HN: What Are You Working On? (July 2026),106,325,2026-07-13T10:46:32.906775
48887753,Count Binface,73,15,2026-07-13T10:46:32.907816
48882569,LARP – Revenue infrastructure for serious founders,197,40,2026-07-13T10:46:32.907816
48882716,"Migrating a production AI agent to GPT-5.6: 2.2x faster, 27% cheaper",170,62,2026-07-13T10:46:32.909309
48883275,Claude Code sends 33k tokens before reading the prompt; OpenCode sends 7k,518,291,2026-07-13T10:46:32.909309
48884992,"Kode Dot Programmable pocket device for makers, pentesters and geeks",58,16,2026-07-13T10:46:32.909309
48881967,How we can reduce traffic congestion,106,136,2026-07-13T10:46:32.910643
48861923,Why write code in 2026,131,170,2026-07-13T10:46:32.910643
48883238,I Learned to Read Again,119,50,2026-07-13T10:46:32.912311
48854168,"Vint Cerf, “father of the Internet”, is retiring",293,168,2026-07-13T10:46:32.912311
48849983,Are you telling me a readonly property is wrecking my performance?,5,3,2026-07-13T10:46:32.912819
48882554,Automation Without Understanding,107,45,2026-07-13T10:46:32.913356
48885705,Why Vanilla JavaScript,108,62,2026-07-13T10:46:32.913908
48859526,"Guy took Jupiter photo with Game Boy Camera, giant telescope, publishes tutorial",7,2,2026-07-13T10:46:32.914443
48885138,"Profiling the ""Abundance"" housing bottleneck with real data",35,28,2026-07-13T10:46:32.914978
48884618,Flash-MSA: Accelerating Million-Token Training with Sparse Attention Kernels,33,2,2026-07-13T10:46:32.915516
48883090,Mechanistic interpretability researchers applying causality theory to LLMs,94,67,2026-07-13T10:46:32.916056
48882956,Against Usefulness,96,24,2026-07-13T10:46:32.916585
48834309,"GhostLock, a stack-UAF that has existed in all Linux distributions for 15 years",165,60,2026-07-13T10:47:33.285290
48885643,"Cyberpunk Comics, Manga and Graphic Novels",128,34,2026-07-13T10:47:33.285859
48886741,Ask HN: Add flag for AI-generated articles,285,166,2026-07-13T10:47:33.285859
48884395,Tiny Emulators,185,11,2026-07-13T10:47:33.287869
48827126,"So you want to learn physics (second edition, 2021)",142,21,2026-07-13T10:47:33.287869
48885728,Designing and assembling my first PCB,78,29,2026-07-13T10:47:33.288866
48831840,"First look at Quest, the final ship of Antarctic explorer Shackleton",17,1,2026-07-13T10:47:33.288866
48884984,Ask HN: What Are You Working On? (July 2026),106,326,2026-07-13T10:47:33.289865
48882569,LARP – Revenue infrastructure for serious founders,197,40,2026-07-13T10:47:33.289865
48882716,"Migrating a production AI agent to GPT-5.6: 2.2x faster, 27% cheaper",170,62,2026-07-13T10:47:33.290607
48883275,Claude Code sends 33k tokens before reading the prompt; OpenCode sends 7k,518,291,2026-07-13T10:47:33.291116
48884992,"Kode Dot Programmable pocket device for makers, pentesters and geeks",58,16,2026-07-13T10:47:33.291116
48881967,How we can reduce traffic congestion,106,136,2026-07-13T10:47:33.292125
48861923,Why write code in 2026,131,170,2026-07-13T10:47:33.292125
48883238,I Learned to Read Again,119,50,2026-07-13T10:47:33.292125
48887753,Count Binface,74,16,2026-07-13T10:47:33.293406
48854168,"Vint Cerf, “father of the Internet”, is retiring",293,168,2026-07-13T10:47:33.293962
48849983,Are you telling me a readonly property is wrecking my performance?,5,3,2026-07-13T10:47:33.295572
48882554,Automation Without Understanding,108,45,2026-07-13T10:47:33.296639
48885705,Why Vanilla JavaScript,108,62,2026-07-13T10:47:33.297168
48859526,"Guy took Jupiter photo with Game Boy Camera, giant telescope, publishes tutorial",7,2,2026-07-13T10:47:33.297695
48885138,"Profiling the ""Abundance"" housing bottleneck with real data",35,28,2026-07-13T10:47:33.297695
48884618,Flash-MSA: Accelerating Million-Token Training with Sparse Attention Kernels,33,2,2026-07-13T10:47:33.298218
48883090,Mechanistic interpretability researchers applying causality theory to LLMs,94,67,2026-07-13T10:47:33.298768
48882956,Against Usefulness,96,24,2026-07-13T10:47:33.299289
48834309,"GhostLock, a stack-UAF that has existed in all Linux distributions for 15 years",165,60,2026-07-13T10:48:33.906128
48885643,"Cyberpunk Comics, Manga and Graphic Novels",128,34,2026-07-13T10:48:33.907128
48886741,Ask HN: Add flag for AI-generated articles,287,166,2026-07-13T10:48:33.908131
48884395,Tiny Emulators,186,11,2026-07-13T10:48:33.908131
48827126,"So you want to learn physics (second edition, 2021)",142,21,2026-07-13T10:48:33.909376
48885728,Designing and assembling my first PCB,78,29,2026-07-13T10:48:33.909376
48831840,"First look at Quest, the final ship of Antarctic explorer Shackleton",17,1,2026-07-13T10:48:33.910464
48884984,Ask HN: What Are You Working On? (July 2026),106,326,2026-07-13T10:48:33.910464
48882569,LARP – Revenue infrastructure for serious founders,197,40,2026-07-13T10:48:33.910464
48883275,Claude Code sends 33k tokens before reading the prompt; OpenCode sends 7k,520,291,2026-07-13T10:48:33.911901
48882716,"Migrating a production AI agent to GPT-5.6: 2.2x faster, 27% cheaper",171,62,2026-07-13T10:48:33.912803
48884992,"Kode Dot Programmable pocket device for makers, pentesters and geeks",58,16,2026-07-13T10:48:33.912803
48881967,How we can reduce traffic congestion,106,136,2026-07-13T10:48:33.913814
48861923,Why write code in 2026,131,170,2026-07-13T10:48:33.913814
48883238,I Learned to Read Again,119,50,2026-07-13T10:48:33.914962
48854168,"Vint Cerf, “father of the Internet”, is retiring",293,168,2026-07-13T10:48:33.915776
48887753,Count Binface,74,16,2026-07-13T10:48:33.916284
48849983,Are you telling me a readonly property is wrecking my performance?,6,3,2026-07-13T10:48:33.916819
48882554,Automation Without Understanding,108,45,2026-07-13T10:48:33.917356
48885705,Why Vanilla JavaScript,108,62,2026-07-13T10:48:33.917898
48859526,"Guy took Jupiter photo with Game Boy Camera, giant telescope, publishes tutorial",8,2,2026-07-13T10:48:33.919017
48885138,"Profiling the ""Abundance"" housing bottleneck with real data",35,28,2026-07-13T10:48:33.919552
48884618,Flash-MSA: Accelerating Million-Token Training with Sparse Attention Kernels,33,3,2026-07-13T10:48:33.920112
48883090,Mechanistic interpretability researchers applying causality theory to LLMs,94,67,2026-07-13T10:48:33.920636
48882956,Against Usefulness,96,24,2026-07-13T10:48:33.921177
48834309,"GhostLock, a stack-UAF that has existed in all Linux distributions for 15 years",165,60,2026-07-13T10:49:37.660256
48885643,"Cyberpunk Comics, Manga and Graphic Novels",128,34,2026-07-13T10:49:37.661259
48886741,Ask HN: Add flag for AI-generated articles,291,168,2026-07-13T10:49:37.662767
48884395,Tiny Emulators,186,11,2026-07-13T10:49:37.662767
48827126,"So you want to learn physics (second edition, 2021)",142,21,2026-07-13T10:49:37.662767
48885728,Designing and assembling my first PCB,79,31,2026-07-13T10:49:37.663901
48831840,"First look at Quest, the final ship of Antarctic explorer Shackleton",17,1,2026-07-13T10:49:37.663901
48884984,Ask HN: What Are You Working On? (July 2026),106,326,2026-07-13T10:49:37.663901
48882569,LARP – Revenue infrastructure for serious founders,197,40,2026-07-13T10:49:37.665406
48883275,Claude Code sends 33k tokens before reading the prompt; OpenCode sends 7k,521,291,2026-07-13T10:49:37.665406
48882716,"Migrating a production AI agent to GPT-5.6: 2.2x faster, 27% cheaper",171,62,2026-07-13T10:49:37.666287
48884992,"Kode Dot Programmable pocket device for makers, pentesters and geeks",58,17,2026-07-13T10:49:37.666797
48881967,How we can reduce traffic congestion,106,136,2026-07-13T10:49:37.666797
48861923,Why write code in 2026,131,170,2026-07-13T10:49:37.667838
48883238,I Learned to Read Again,119,50,2026-07-13T10:49:37.668842
48854168,"Vint Cerf, “father of the Internet”, is retiring",293,168,2026-07-13T10:49:37.668842
48887753,Count Binface,74,16,2026-07-13T10:49:37.669733
48849983,Are you telling me a readonly property is wrecking my performance?,6,3,2026-07-13T10:49:37.670240
48882554,Automation Without Understanding,108,45,2026-07-13T10:49:37.670776
48885705,Why Vanilla JavaScript,108,62,2026-07-13T10:49:37.671317
48859526,"Guy took Jupiter photo with Game Boy Camera, giant telescope, publishes tutorial",8,2,2026-07-13T10:49:37.671854
48885138,"Profiling the ""Abundance"" housing bottleneck with real data",35,28,2026-07-13T10:49:37.672384
48884618,Flash-MSA: Accelerating Million-Token Training with Sparse Attention Kernels,33,3,2026-07-13T10:49:37.672923
48883090,Mechanistic interpretability researchers applying causality theory to LLMs,94,67,2026-07-13T10:49:37.673457
48882956,Against Usefulness,96,24,2026-07-13T10:49:37.673992
48834309,"GhostLock, a stack-UAF that has existed in all Linux distributions for 15 years",166,60,2026-07-13T10:50:39.825415
48885643,"Cyberpunk Comics, Manga and Graphic Novels",130,35,2026-07-13T10:50:39.826412
48886741,Ask HN: Add flag for AI-generated articles,293,169,2026-07-13T10:50:39.826412
48884395,Tiny Emulators,187,11,2026-07-13T10:50:39.826412
48827126,"So you want to learn physics (second edition, 2021)",143,21,2026-07-13T10:50:39.827792
48885728,Designing and assembling my first PCB,79,31,2026-07-13T10:50:39.827792
48831840,"First look at Quest, the final ship of Antarctic explorer Shackleton",17,1,2026-07-13T10:50:39.829171
48884984,Ask HN: What Are You Working On? (July 2026),108,328,2026-07-13T10:50:39.829171
48882569,LARP – Revenue infrastructure for serious founders,197,40,2026-07-13T10:50:39.829171
48883275,Claude Code sends 33k tokens before reading the prompt; OpenCode sends 7k,522,291,2026-07-13T10:50:39.830174
48882716,"Migrating a production AI agent to GPT-5.6: 2.2x faster, 27% cheaper",171,62,2026-07-13T10:50:39.831174
48884992,"Kode Dot Programmable pocket device for makers, pentesters and geeks",58,17,2026-07-13T10:50:39.831174
48881967,How we can reduce traffic congestion,106,136,2026-07-13T10:50:39.831896
48861923,Why write code in 2026,131,170,2026-07-13T10:50:39.831896
48883238,I Learned to Read Again,119,50,2026-07-13T10:50:39.833251
48859526,"Guy took Jupiter photo with Game Boy Camera, giant telescope, publishes tutorial",9,2,2026-07-13T10:50:39.833761
48854168,"Vint Cerf, “father of the Internet”, is retiring",294,168,2026-07-13T10:50:39.834200
48887753,Count Binface,75,16,2026-07-13T10:50:39.834708
48885705,Why Vanilla JavaScript,109,62,2026-07-13T10:50:39.835246
48849983,Are you telling me a readonly property is wrecking my performance?,6,4,2026-07-13T10:50:39.835780
48882554,Automation Without Understanding,108,45,2026-07-13T10:50:39.836338
48885138,"Profiling the ""Abundance"" housing bottleneck with real data",35,28,2026-07-13T10:50:39.836902
48884618,Flash-MSA: Accelerating Million-Token Training with Sparse Attention Kernels,33,3,2026-07-13T10:50:39.837434
48883090,Mechanistic interpretability researchers applying causality theory to LLMs,94,67,2026-07-13T10:50:39.837980
48882956,Against Usefulness,96,24,2026-07-13T10:50:39.838523
48834309,"GhostLock, a stack-UAF that has existed in all Linux distributions for 15 years",169,60,2026-07-13T10:51:46.008382
48885643,"Cyberpunk Comics, Manga and Graphic Novels",130,35,2026-07-13T10:51:46.008382
48886741,Ask HN: Add flag for AI-generated articles,295,169,2026-07-13T10:51:46.009379
48884395,Tiny Emulators,188,11,2026-07-13T10:51:46.009379
48827126,"So you want to learn physics (second edition, 2021)",143,21,2026-07-13T10:51:46.009379
48885728,Designing and assembling my first PCB,79,31,2026-07-13T10:51:46.010812
48831840,"First look at Quest, the final ship of Antarctic explorer Shackleton",17,1,2026-07-13T10:51:46.010812
48884984,Ask HN: What Are You Working On? (July 2026),108,330,2026-07-13T10:51:46.011817
48882569,LARP – Revenue infrastructure for serious founders,197,40,2026-07-13T10:51:46.011817
48883275,Claude Code sends 33k tokens before reading the prompt; OpenCode sends 7k,523,292,2026-07-13T10:51:46.011817
48882716,"Migrating a production AI agent to GPT-5.6: 2.2x faster, 27% cheaper",171,62,2026-07-13T10:51:46.013232
48884992,"Kode Dot Programmable pocket device for makers, pentesters and geeks",58,17,2026-07-13T10:51:46.014279
48881967,How we can reduce traffic congestion,107,136,2026-07-13T10:51:46.014279
48861923,Why write code in 2026,131,170,2026-07-13T10:51:46.015291
48883238,I Learned to Read Again,119,50,2026-07-13T10:51:46.015291
48859526,"Guy took Jupiter photo with Game Boy Camera, giant telescope, publishes tutorial",9,2,2026-07-13T10:51:46.016286
48854168,"Vint Cerf, “father of the Internet”, is retiring",294,169,2026-07-13T10:51:46.016953
48887753,Count Binface,75,16,2026-07-13T10:51:46.017461
48885705,Why Vanilla JavaScript,109,62,2026-07-13T10:51:46.018008
48849983,Are you telling me a readonly property is wrecking my performance?,6,4,2026-07-13T10:51:46.018558
48882554,Automation Without Understanding,108,45,2026-07-13T10:51:46.019095
48885138,"Profiling the ""Abundance"" housing bottleneck with real data",35,28,2026-07-13T10:51:46.019636
48884618,Flash-MSA: Accelerating Million-Token Training with Sparse Attention Kernels,33,3,2026-07-13T10:51:46.020172
48883090,Mechanistic interpretability researchers applying causality theory to LLMs,94,67,2026-07-13T10:51:46.020707
48882956,Against Usefulness,97,24,2026-07-13T10:51:46.021247
